{"cameraMode":{"drawMode":0,"name":"Shaded","section":"Shading Mode"},"sceneLighting":false,"audioPlay":false,"sceneViewState":{"m_AlwaysRefresh":false,"showFog":true,"showSkybox":false,"showFlares":true,"showImageEffects":true,"showParticleSystems":true,"showVisualEffectGraphs":true,"m_FxEnabled":true},"in2DMode":false,"pivot":{"x":-0.3179999887943268,"y":0.4449999928474426,"z":1.6109999418258668},"rotation":{"x":-0.014269373379647732,"y":-0.9332717657089233,"z":0.35704830288887026,"w":-0.03723887726664543},"size":0.17320510745048524,"orthographic":false}