{"cameraMode":{"drawMode":0,"name":"Shaded","section":"Shading Mode"},"sceneLighting":true,"audioPlay":false,"sceneViewState":{"m_AlwaysRefresh":false,"showFog":true,"showSkybox":true,"showFlares":true,"showImageEffects":true,"showParticleSystems":true,"showVisualEffectGraphs":true,"m_FxEnabled":true},"in2DMode":false,"pivot":{"x":-0.06904458999633789,"y":0.5015299916267395,"z":0.3153599500656128},"rotation":{"x":0.05316423252224922,"y":-0.9427564144134522,"z":0.18328064680099488,"w":0.2737460434436798},"size":2.838447332382202,"orthographic":true}