{"cameraMode":{"drawMode":0,"name":"Shaded","section":"Shading Mode"},"sceneLighting":true,"audioPlay":false,"sceneViewState":{"m_AlwaysRefresh":false,"showFog":true,"showSkybox":true,"showFlares":true,"showImageEffects":true,"showParticleSystems":true,"showVisualEffectGraphs":true,"m_FxEnabled":true},"in2DMode":false,"pivot":{"x":-0.17767706513404847,"y":1.3883455991744996,"z":-0.4409469962120056},"rotation":{"x":-0.04590150713920593,"y":0.6425689458847046,"z":-0.03858961537480354,"w":-0.7639662027359009},"size":3.543362617492676,"orthographic":true}