{"cameraMode":{"drawMode":0,"name":"Shaded","section":"Shading Mode"},"sceneLighting":true,"audioPlay":false,"sceneViewState":{"m_AlwaysRefresh":false,"showFog":true,"showSkybox":true,"showFlares":true,"showImageEffects":true,"showParticleSystems":true,"showVisualEffectGraphs":true,"m_FxEnabled":true},"in2DMode":false,"pivot":{"x":0.08043098449707031,"y":0.0857161283493042,"z":0.14061564207077027},"rotation":{"x":-0.08724302053451538,"y":-0.9054040908813477,"z":0.22674444317817689,"w":-0.34825706481933596},"size":1.464160680770874,"orthographic":false}