{"cameraMode":{"drawMode":0,"name":"Shaded","section":"Shading Mode"},"sceneLighting":true,"audioPlay":false,"sceneViewState":{"m_AlwaysRefresh":false,"showFog":true,"showSkybox":true,"showFlares":true,"showImageEffects":true,"showParticleSystems":true,"showVisualEffectGraphs":true,"m_FxEnabled":true},"in2DMode":false,"pivot":{"x":-0.19267746806144715,"y":-1.0831468105316163,"z":-1.351477861404419},"rotation":{"x":0.010710850358009339,"y":0.9536454677581787,"z":-0.2996886074542999,"w":0.032154444605112079},"size":3.4674439430236818,"orthographic":false}