{"cameraMode":{"drawMode":0,"name":"Shaded","section":"Shading Mode"},"sceneLighting":true,"audioPlay":false,"sceneViewState":{"m_AlwaysRefresh":false,"showFog":true,"showSkybox":true,"showFlares":true,"showImageEffects":true,"showParticleSystems":true,"showVisualEffectGraphs":true,"m_FxEnabled":true},"in2DMode":false,"pivot":{"x":0.026959016919136049,"y":8.121249198913575,"z":7.665984630584717},"rotation":{"x":0.006022097077220678,"y":-0.9616211652755737,"z":0.273917019367218,"w":0.021379662677645685},"size":0.2879562973976135,"orthographic":true}