{"cameraMode":{"drawMode":0,"name":"Shaded","section":"Shading Mode"},"sceneLighting":true,"audioPlay":false,"sceneViewState":{"m_AlwaysRefresh":false,"showFog":true,"showSkybox":true,"showFlares":true,"showImageEffects":true,"showParticleSystems":true,"showVisualEffectGraphs":true,"m_FxEnabled":true},"in2DMode":false,"pivot":{"x":-1.369201421737671,"y":6.008520603179932,"z":2.2525854110717775},"rotation":{"x":-0.039234843105077746,"y":0.9188482165336609,"z":-0.3810102641582489,"w":-0.09659073501825333},"size":3.4591875076293947,"orthographic":false}