{"cameraMode":{"drawMode":0,"name":"Shaded","section":"Shading Mode"},"sceneLighting":true,"audioPlay":false,"sceneViewState":{"m_AlwaysRefresh":false,"showFog":true,"showSkybox":true,"showFlares":true,"showImageEffects":true,"showParticleSystems":true,"showVisualEffectGraphs":true,"m_FxEnabled":true},"in2DMode":false,"pivot":{"x":0.29802435636520388,"y":0.7521538734436035,"z":-1.4477088451385499},"rotation":{"x":0.06706339865922928,"y":-0.927712082862854,"z":0.20356479287147523,"w":0.3056834042072296},"size":7.094194412231445,"orthographic":true}