{"cameraMode":{"drawMode":0,"name":"Shaded","section":"Shading Mode"},"sceneLighting":true,"audioPlay":false,"sceneViewState":{"m_AlwaysRefresh":false,"showFog":true,"showSkybox":true,"showFlares":true,"showImageEffects":true,"showParticleSystems":true,"showVisualEffectGraphs":true,"m_FxEnabled":true},"in2DMode":false,"pivot":{"x":0.34458982944488528,"y":-1.4141113758087159,"z":0.04935479164123535},"rotation":{"x":0.08496951311826706,"y":-0.9009169936180115,"z":0.37285926938056948,"w":0.20536400377750398},"size":2.122663736343384,"orthographic":false}