{"cameraMode":{"drawMode":0,"name":"Shaded","section":"Shading Mode"},"sceneLighting":true,"audioPlay":false,"sceneViewState":{"m_AlwaysRefresh":false,"showFog":true,"showSkybox":true,"showFlares":true,"showImageEffects":true,"showParticleSystems":true,"showVisualEffectGraphs":true,"m_FxEnabled":true},"in2DMode":false,"pivot":{"x":-0.01544886827468872,"y":0.30763208866119387,"z":0.12243817746639252},"rotation":{"x":-0.06535239517688751,"y":0.9048475027084351,"z":-0.39279642701148989,"w":-0.15137417614459992},"size":0.3717336058616638,"orthographic":false}