{"cameraMode":{"drawMode":0,"name":"Shaded","section":"Shading Mode"},"sceneLighting":true,"audioPlay":false,"sceneViewState":{"m_AlwaysRefresh":false,"showFog":true,"showSkybox":true,"showFlares":true,"showImageEffects":true,"showParticleSystems":true,"showVisualEffectGraphs":true,"m_FxEnabled":true},"in2DMode":false,"pivot":{"x":-0.34864097833633425,"y":-0.10653865337371826,"z":0.031493306159973147},"rotation":{"x":0.01151502039283514,"y":-0.9638233184814453,"z":0.2630118727684021,"w":0.04224194586277008},"size":1.8444786071777344,"orthographic":false}