{"cameraMode":{"drawMode":0,"name":"Shaded","section":"Shading Mode"},"sceneLighting":true,"audioPlay":false,"sceneViewState":{"m_AlwaysRefresh":false,"showFog":true,"showSkybox":true,"showFlares":true,"showImageEffects":true,"showParticleSystems":true,"showVisualEffectGraphs":true,"m_FxEnabled":true},"in2DMode":false,"pivot":{"x":-14.313005447387696,"y":11.489818572998047,"z":84.0167236328125},"rotation":{"x":0.06055308133363724,"y":0.17132672667503358,"z":-0.010539702139794827,"w":0.983323335647583},"size":24.397993087768556,"orthographic":true}