{"cameraMode":{"drawMode":0,"name":"Shaded","section":"Shading Mode"},"sceneLighting":true,"audioPlay":false,"sceneViewState":{"m_AlwaysRefresh":false,"showFog":true,"showSkybox":true,"showFlares":true,"showImageEffects":true,"showParticleSystems":true,"showVisualEffectGraphs":true,"m_FxEnabled":true},"in2DMode":false,"pivot":{"x":-0.06224966049194336,"y":-0.11630117893218994,"z":0.654208779335022},"rotation":{"x":-0.10803084075450897,"y":0.8910419344902039,"z":-0.33325886726379397,"w":-0.28889137506484988},"size":1.6591299772262574,"orthographic":true}