{"cameraMode":{"drawMode":0,"name":"Shaded","section":"Shading Mode"},"sceneLighting":false,"audioPlay":false,"sceneViewState":{"m_AlwaysRefresh":false,"showFog":true,"showSkybox":false,"showFlares":true,"showImageEffects":true,"showParticleSystems":true,"showVisualEffectGraphs":true,"m_FxEnabled":true},"in2DMode":false,"pivot":{"x":-0.28581637144088747,"y":-0.35596758127212527,"z":-0.3691307306289673},"rotation":{"x":-0.005633201450109482,"y":-0.9816221594810486,"z":0.1886797696352005,"w":-0.02916112169623375},"size":0.8660253882408142,"orthographic":false}