{"cameraMode":{"drawMode":0,"name":"Shaded","section":"Shading Mode"},"sceneLighting":false,"audioPlay":false,"sceneViewState":{"m_AlwaysRefresh":false,"showFog":true,"showSkybox":false,"showFlares":true,"showImageEffects":true,"showParticleSystems":true,"showVisualEffectGraphs":true,"m_FxEnabled":true},"in2DMode":false,"pivot":{"x":0.5210000276565552,"y":0.12300000339746475,"z":0.6819999814033508},"rotation":{"x":0.25071004033088686,"y":-0.10661125183105469,"z":0.027791157364845277,"w":0.9617738127708435},"size":3.2977700233459474,"orthographic":true}