{"cameraMode":{"drawMode":0,"name":"Shaded","section":"Shading Mode"},"sceneLighting":false,"audioPlay":false,"sceneViewState":{"m_AlwaysRefresh":false,"showFog":true,"showSkybox":false,"showFlares":true,"showImageEffects":true,"showParticleSystems":true,"showVisualEffectGraphs":true,"m_FxEnabled":true},"in2DMode":false,"pivot":{"x":0.7303138375282288,"y":0.14283153414726258,"z":-0.5759108066558838},"rotation":{"x":0.06867919117212296,"y":-0.2970440685749054,"z":0.021404843777418138,"w":0.9521620273590088},"size":0.9969793558120728,"orthographic":true}