{"cameraMode":{"drawMode":0,"name":"Shaded","section":"Shading Mode"},"sceneLighting":false,"audioPlay":false,"sceneViewState":{"m_AlwaysRefresh":false,"showFog":true,"showSkybox":false,"showFlares":true,"showImageEffects":true,"showParticleSystems":true,"showVisualEffectGraphs":true,"m_FxEnabled":true},"in2DMode":false,"pivot":{"x":1.7999999523162842,"y":0.30699998140335085,"z":1.5026849508285523},"rotation":{"x":0.20840345323085786,"y":0.3149988055229187,"z":-0.07109898328781128,"w":0.9232801795005798},"size":0.6238652467727661,"orthographic":true}