{"cameraMode":{"drawMode":0,"name":"Shaded","section":"Shading Mode"},"sceneLighting":false,"audioPlay":false,"sceneViewState":{"m_AlwaysRefresh":false,"showFog":true,"showSkybox":false,"showFlares":true,"showImageEffects":true,"showParticleSystems":true,"showVisualEffectGraphs":true,"m_FxEnabled":true},"in2DMode":false,"pivot":{"x":-0.38100001215934756,"y":0.0949999988079071,"z":0.46799999475479128},"rotation":{"x":0.25071004033088686,"y":-0.10661125183105469,"z":0.027791157364845277,"w":0.9617738127708435},"size":0.17320509254932404,"orthographic":true}