{"cameraMode":{"drawMode":0,"name":"Shaded","section":"Shading Mode"},"sceneLighting":false,"audioPlay":false,"sceneViewState":{"m_AlwaysRefresh":false,"showFog":true,"showSkybox":false,"showFlares":true,"showImageEffects":true,"showParticleSystems":true,"showVisualEffectGraphs":true,"m_FxEnabled":true},"in2DMode":false,"pivot":{"x":0.6033929586410523,"y":-0.31845515966415408,"z":-0.08753225207328797},"rotation":{"x":-0.05114829167723656,"y":-0.9243244528770447,"z":0.13344527781009675,"w":-0.35394346714019778},"size":0.7732052206993103,"orthographic":false}